[
  { "name" : "A Perfect Event Productions", "employeesCount" : 5, "town" : "Sofia" },
  { "name" : "A Spice of Life Catering Services", "employeesCount" : 10, "town" : "Sofia" },
  { "name" : "Abbey Party Rents", "employeesCount" : 8, "town" : "Plovdiv" },
  { "name" : "Allies Party Equipment Rental Inc.", "employeesCount" : 13, "town" : "Varna" },
  { "name" : "A-One Weddings & Events", "employeesCount" : 20, "town" : "Burgas" },
  { "name" : "Arrangers DMC", "employeesCount" : 2, "town" : "Pleven" },
  { "name" : "As You Wish", "employeesCount" : 6, "town" : "Sofia" },
  { "name" : "BTB Events", "employeesCount" : 4, "town" : "Pazardzhik" },
  { "name" : "Calluna Events", "employeesCount" : 2, "town" : "Blagoevgrad" },
  { "name" : "Castles N Coasters", "employeesCount" : 1, "town" : "Varna" },
  { "name" : "Classic Party Renters", "employeesCount" : 2, "town" : "Sofia" },
  { "name" : "Create Events", "employeesCount" : 3, "town" : "Plovdiv" },
  { "name" : "Creative Catering", "employeesCount" : 4, "town" : "Aitos" },
  { "name" : "Design Works", "employeesCount" : 5, "town" : "Dobrich" },
  { "name" : "Divine Events", "employeesCount" : 6, "town" : "Ruse" },
  { "name" : "Encore Creative", "employeesCount" : 12, "town" : "Vratsa" },
  { "name" : "Event Wedding Planning", "employeesCount" : 10, "town" : "Ruse" },
  { "name" : "Events By Design", "employeesCount" : 10, "town" : "Vratsa" },
  { "name" : "Everything Entertainment", "employeesCount" : 15, "town" : "Ruse" },
  { "name" : "Exceptional Events", "employeesCount" : 30, "town" : "Montana" },
  { "name" : "Festivities Catering & Special Events", "employeesCount" : 8, "town" : "Montana" },
  { "name" : "Five Star Catering and Event Productions", "employeesCount" : 9, "town" : "Vratsa" },
  { "name" : "Forevermore Events", "employeesCount" : 6, "town" : "Plovdiv" },
  { "name" : "Glamorous Occasions", "employeesCount" : 4, "town" : "Burgas" },
  { "name" : "InStyle Wedding Planning", "employeesCount" : 3, "town" : "Varna" },
  { "name" : "Knox Planning", "employeesCount" : 6, "town" : "Sofia" },
  { "name" : "Lifetime Weddings and Events", "employeesCount" : 7, "town" : "Plovdiv" },
  { "name" : "Little Bird Celebrations", "employeesCount" : 4, "town" : "Montana" },
  { "name" : "Love at First Bite Catering and Event Planning", "employeesCount" : 3, "town" : "Pleven" },
  { "name" : "LT Eventions Inc.", "employeesCount" : 1, "town" : "Sofia" },
  { "name" : "Occasions On The Go", "employeesCount" : 2, "town" : "Sofia" },
  { "name" : "Oh How Charming", "employeesCount" : 3, "town" : "Stara Zagora" },
  { "name" : "Organically You Events", "employeesCount" : 4, "town" : "Nova Zagora" },
  { "name" : "Paradise Delight Floral & Event Productions", "employeesCount" : 5, "town" : "Stara Zagora" },
  { "name" : "Platinum Living Events", "employeesCount" : 2, "town" : "Asenovgrad" },
  { "name" : "Ranch Events", "employeesCount" : 6, "town" : "Nova Zagora" },
  { "name" : "RC Special Events", "employeesCount" : 11, "town" : "Stara Zagora" },
  { "name" : "Sapphire Event Marketing", "employeesCount" : 12, "town" : "Karnobat" },
  { "name" : "Seize The Day Wedding Planners", "employeesCount" : 13, "town" : "Veliko Tarnovo" },
  { "name" : "Simply Sweet Wedding & Events", "employeesCount" : 15, "town" : "Gabrovo" },
  { "name" : "StarStruck Event Planning LLC", "employeesCount" : 14, "town" : "Veliko Tarnovo" },
  { "name" : "Sunset Gardens", "employeesCount" : 12, "town" : "Gabrovo" },
  { "name" : "The Event Company", "employeesCount" : 11, "town" : "Nova Zagora" },
  { "name" : "The Manor House", "employeesCount" : 10, "town" : "Sofia" },
  { "name" : "Blooms & Co.", "employeesCount" : 3, "town" : "Varna" },
  { "name" : "Brown Brothers Catering", "employeesCount" : 4, "town" : "Plovdiv" },
  { "name" : "Butter & Company", "employeesCount" : 5, "town" : "Sofia" },
  { "name" : "Cakewalk", "employeesCount" : 6, "town" : "Varna" },
  { "name" : "Chantily Mansion", "employeesCount" : 20, "town" : "Burgas" },
  { "name" : "Darryl & Co.", "employeesCount" : 10, "town" : "Burgas" },
  { "name" : "Forevermore Events", "employeesCount" : 12, "town" : "Burgas" },
  { "name" : "Hannibals Catering & Events", "employeesCount" : 23, "town" : "Montana" },
  { "name" : "Ice Occasions", "employeesCount" : 24, "town" : "Vratsa" },
  { "name" : "Monrreal & Company", "employeesCount" : 11, "town" : "Pernik" },
  { "name" : "One Mind Studio", "employeesCount" : 12, "town" : "Kiustendil" },
  { "name" : "One Sweet Slice", "employeesCount" : 13, "town" : "Pernik" },
  { "name" : "Prime Wedding Company", "employeesCount" : 2, "town" : "Lovech" },
  { "name" : "Save the Date Co.", "employeesCount" : 4, "town" : "Lovech" },
  { "name" : "Southern Events Company", "employeesCount" : 6, "town" : "Lovech" },
  { "name" : "Splash Cafe", "employeesCount" : 7, "town" : "Plovdiv" },
  { "name" : "ThatWorks Entertainment", "employeesCount" : 8, "town" : "Asenovgrad" },
  { "name" : "The Dixie Bridal Guide", "employeesCount" : 6, "town" : "Vidin" },
  { "name" : "The Victorian Wedding Company", "employeesCount" : 19, "town" : "Vidin" },
  { "name" : "Wedding Bands & Co.", "employeesCount" : 10, "town" : "Vidin" }
]