[
  {
    "Bride": "Demetria G Whitney",
    "Bridegroom": "Elidia Q Dotts",
    "Date": "2016-07-09T00:00:00",
    "Agency": "The Manor House",
    "Guests": [
      {
        "Name": "Lynetta W Collie",
        "RSVP": false,
        "Family": 1
      },
      {
        "Name": "Marylynn T Schueler",
        "RSVP": false,
        "Family": 1
      },
      {
        "Name": "Bob G Oler",
        "RSVP": true,
        "Family": 1
      },
      {
        "Name": "Jonathon Z Kimura",
        "RSVP": true,
        "Family": 1
      },
      {
        "Name": "Treasa M Roache",
        "RSVP": true,
        "Family": 0
      },
      {
        "Name": "Rachel C Wadlow",
        "RSVP": true,
        "Family": 1
      },
      {
        "Name": "Anita F Linden",
        "RSVP": true,
        "Family": 1
      },
      {
        "Name": "Katelynn N Neloms",
        "RSVP": true,
        "Family": 0
      },
      {
        "Name": "Jamika Schempp  ",
        "RSVP": true,
        "Family": 0
      },
      {
        "Name": "Leanna Flatley  ",
        "RSVP": false,
        "Family": 0
      }
    ]
  },
  {
    "Bride": "Nikia T Sepulveda",
    "Bridegroom": "Jamey N Driskell",
    "Date": "2020-02-04T00:00:00",
    "Agency": "Monrreal & Company",
    "Guests": [
      {
        "Name": "Gema Karg  ",
        "RSVP": false,
        "Family": 1
      },
      {
        "Name": "Ellent I Revard",
        "RSVP": false,
        "Family": 0
      },
      {
        "Name": "Gay O Ferdinand",
        "RSVP": false,
        "Family": 0
      },
      {
        "Name": "Lucius R Prokop",
        "RSVP": false,
        "Family": 1
      },
      {
        "Name": "Gay O Ferdinand",
        "RSVP": true,
        "Family": 0
      }
    ]
  },
  {
    "Bride": "Nancy Q Rodreguez",
    "Bridegroom": "Wade V Mcinnis",
    "Date": "2020-08-01T00:00:00",
    "Agency": "Everything Entertainment",
    "Guests": [
      {
        "Name": "Angelina H Daly",
        "RSVP": false,
        "Family": 1
      },
      {
        "Name": "Karan H Kenobi",
        "RSVP": false,
        "Family": 0
      },
      {
        "Name": "Has F Drone",
        "RSVP": false,
        "Family": 0
      },
      {
        "Name": "Arla W Belk",
        "RSVP": true,
        "Family": 0
      },
      {
        "Name": "Rosalia K Sylvester",
        "RSVP": false,
        "Family": 1
      },
      {
        "Name": "Nathaniel W Glynn",
        "RSVP": true,
        "Family": 1
      },
      {
        "Name": "Leanne M Alleyne",
        "RSVP": true,
        "Family": 1
      },
      {
        "Name": "Ahmad Gremillion  ",
        "RSVP": true,
        "Family": 0
      },
      {
        "Name": "Bettie P Arrowsmith",
        "RSVP": true,
        "Family": 1
      },
      {
        "Name": "Tiffanie D Gantz  ",
        "RSVP": true,
        "Family": 0
      }
    ]
  },
  {
    "Bride": "Marylynn T Schueler",
    "Bridegroom": "Kassie P Jaffee",
    "Date": "2022-04-03T00:00:00",
    "Agency": "Abbey Party Rents",
    "Guests": [
      {
        "Name": "Laquita E Wofford",
        "RSVP": false,
        "Family": 0
      },
      {
        "Name": "Shirleen G Kesner",
        "RSVP": true,
        "Family": 0
      },
      {
        "Name": "See Y Shirey",
        "RSVP": true,
        "Family": 0
      },
      {
        "Name": "Carmelo Q Morace",
        "RSVP": true,
        "Family": 0
      },
      {
        "Name": "Bret S Barthel",
        "RSVP": true,
        "Family": 0
      },
      {
        "Name": "Angelina H Daly",
        "RSVP": false,
        "Family": 0
      },
      {
        "Name": "Kami D Degnan  ",
        "RSVP": true,
        "Family": 0
      },
      {
        "Name": "Jeraldine F Phegley",
        "RSVP": true,
        "Family": 1
      },
      {
        "Name": "Cherie O Klapp",
        "RSVP": false,
        "Family": 0
      },
      {
        "Name": "Ona K Engram",
        "RSVP": true,
        "Family": 1
      },
      {
        "Name": "Muoi O Marietta",
        "RSVP": true,
        "Family": 0
      },
      {
        "Name": "Carylon Z Malinowski",
        "RSVP": true,
        "Family": 0
      },
      {
        "Name": "Myriam W Castaldo",
        "RSVP": true,
        "Family": 0
      },
      {
        "Name": "Lashawnda J Sanger",
        "RSVP": false,
        "Family": 1
      },
      {
        "Name": "Louann N Fellers",
        "RSVP": true,
        "Family": 0
      },
      {
        "Name": "Yun R Nowak",
        "RSVP": true,
        "Family": 0
      },
      {
        "Name": "Bryant T Andress",
        "RSVP": true,
        "Family": 0
      }
    ]
  },
  {
    "Bride": "Ellis S Slaybaugh",
    "Bridegroom": "Blake P Pitre",
    "Date": "2018-10-22T00:00:00",
    "Agency": "One Sweet Slice",
    "Guests": [
      {
        "Name": "Ramon W Devens",
        "RSVP": true,
        "Family": 0
      },
      {
        "Name": "Yevette F Phinney",
        "RSVP": false,
        "Family": 1
      },
      {
        "Name": "Gema Karg  ",
        "RSVP": true,
        "Family": 1
      },
      {
        "Name": "Elana I Ifill",
        "RSVP": false,
        "Family": 0
      },
      {
        "Name": "Heriberto X Mowrer  ",
        "RSVP": false,
        "Family": 0
      },
      {
        "Name": "Meridith Hope  ",
        "RSVP": true,
        "Family": 0
      },
      {
        "Name": "Stormy Z Fiorillo",
        "RSVP": true,
        "Family": 1
      },
      {
        "Name": "Fanny O Capone",
        "RSVP": true,
        "Family": 0
      }
    ]
  },
  {
    "Bride": "Narcisa P Lamirande",
    "Bridegroom": "Bret S Barthel",
    "Date": "2023-03-21T00:00:00",
    "Agency": "Splash Cafe",
    "Guests": [
      {
        "Name": "Kathrine Q Ditmore",
        "RSVP": true,
        "Family": 0
      },
      {
        "Name": "Vicente W Curling",
        "RSVP": false,
        "Family": 1
      },
      {
        "Name": "Hedwig Q Coakley",
        "RSVP": true,
        "Family": 0
      },
      {
        "Name": "Ada W Basham",
        "RSVP": true,
        "Family": 1
      },
      {
        "Name": "Rosalia K Sylvester",
        "RSVP": true,
        "Family": 1
      },
      {
        "Name": "Zetta Henze  ",
        "RSVP": false,
        "Family": 0
      },
      {
        "Name": "Zackary Bryne  ",
        "RSVP": false,
        "Family": 0
      },
      {
        "Name": "Ricky R Munro  ",
        "RSVP": false,
        "Family": 0
      },
      {
        "Name": "Rob Z Devine",
        "RSVP": true,
        "Family": 0
      },
      {
        "Name": "Suzanne L Wurst",
        "RSVP": false,
        "Family": 1
      },
      {
        "Name": "Merilyn X Austin",
        "RSVP": false,
        "Family": 0
      },
      {
        "Name": "Elicia Messing  ",
        "RSVP": false,
        "Family": 1
      },
      {
        "Name": "Demetria G Whitney",
        "RSVP": false,
        "Family": 1
      },
      {
        "Name": "Chana A Campanella",
        "RSVP": true,
        "Family": 1
      },
      {
        "Name": "Luanne W Messerly",
        "RSVP": false,
        "Family": 1
      }
    ]
  },
  {
    "Bride": "Julee U Pauley",
    "Bridegroom": "Jacqueline J Lamoureaux",
    "Date": "2017-07-19T00:00:00",
    "Agency": "Little Bird Celebrations",
    "Guests": [
      {
        "Name": "Long Rexrode  ",
        "RSVP": false,
        "Family": 0
      },
      {
        "Name": "Venetta A Gundersen",
        "RSVP": true,
        "Family": 1
      },
      {
        "Name": "Rhona L Lesko",
        "RSVP": true,
        "Family": 1
      },
      {
        "Name": "Ada W Basham",
        "RSVP": true,
        "Family": 0
      },
      {
        "Name": "Marc L Arno",
        "RSVP": true,
        "Family": 0
      },
      {
        "Name": "Jeanie P Sy",
        "RSVP": false,
        "Family": 0
      },
      {
        "Name": "Jamika Schempp  ",
        "RSVP": true,
        "Family": 0
      },
      {
        "Name": "Shemeka N Retherford",
        "RSVP": true,
        "Family": 1
      },
      {
        "Name": "Venetta P Deitz",
        "RSVP": false,
        "Family": 1
      },
      {
        "Name": "Marquita Q Berrian",
        "RSVP": false,
        "Family": 0
      },
      {
        "Name": "Deidra W Gerardo",
        "RSVP": true,
        "Family": 0
      },
      {
        "Name": "Ellyn A Nold",
        "RSVP": true,
        "Family": 0
      },
      {
        "Name": "Elicia Messing  ",
        "RSVP": false,
        "Family": 0
      },
      {
        "Name": "Denese D Bartel",
        "RSVP": false,
        "Family": 0
      },
      {
        "Name": "Bob G Oler",
        "RSVP": true,
        "Family": 1
      },
      {
        "Name": "Hermelinda X Creel",
        "RSVP": false,
        "Family": 1
      },
      {
        "Name": "Chanel Goines  ",
        "RSVP": true,
        "Family": 0
      }
    ]
  },
  {
    "Bride": "Jeanie P Sy",
    "Bridegroom": "Lang X Grams",
    "Date": "2022-06-22T00:00:00",
    "Agency": "Forevermore Events",
    "Guests": [
      {
        "Name": "Shayne X Rester",
        "RSVP": true,
        "Family": 0
      },
      {
        "Name": "Lynwood Tinch  ",
        "RSVP": true,
        "Family": 0
      },
      {
        "Name": "Herma C Dagostino",
        "RSVP": true,
        "Family": 0
      },
      {
        "Name": "Daniel Heinemann  ",
        "RSVP": false,
        "Family": 1
      },
      {
        "Name": "Virgina Burkle  ",
        "RSVP": true,
        "Family": 0
      },
      {
        "Name": "Treasa M Roache",
        "RSVP": true,
        "Family": 1
      },
      {
        "Name": "Bailey F Mcnamee",
        "RSVP": false,
        "Family": 1
      },
      {
        "Name": "Long Rexrode  ",
        "RSVP": true,
        "Family": 1
      },
      {
        "Name": "Lanette J Doescher",
        "RSVP": true,
        "Family": 0
      },
      {
        "Name": "Ima Purcell  ",
        "RSVP": false,
        "Family": 1
      },
      {
        "Name": "Hyo F Broaddus",
        "RSVP": false,
        "Family": 1
      },
      {
        "Name": "Danuta K Midgley",
        "RSVP": true,
        "Family": 0
      }
    ]
  },
  {
    "Bride": "Yesenia M Ruddick",
    "Bridegroom": "Paz S Owens",
    "Date": "2019-06-14T00:00:00",
    "Agency": "Oh How Charming",
    "Guests": [
      {
        "Name": "Hong G Cusack",
        "RSVP": true,
        "Family": 0
      },
      {
        "Name": "Clifford Judson  ",
        "RSVP": true,
        "Family": 0
      },
      {
        "Name": "Doretha I Redman  ",
        "RSVP": true,
        "Family": 1
      },
      {
        "Name": "Cassey D Libby",
        "RSVP": true,
        "Family": 0
      },
      {
        "Name": "Luigi J Plath",
        "RSVP": true,
        "Family": 1
      },
      {
        "Name": "Mikel X Skowronski",
        "RSVP": false,
        "Family": 0
      },
      {
        "Name": "Albertina D Jeter",
        "RSVP": true,
        "Family": 0
      },
      {
        "Name": "Anneliese U Braverman",
        "RSVP": true,
        "Family": 1
      },
      {
        "Name": "Priscila A Rondon",
        "RSVP": true,
        "Family": 1
      },
      {
        "Name": "Elana I Ifill",
        "RSVP": true,
        "Family": 0
      }
    ]
  },
  {
    "Bride": "Aleta Z Murtha",
    "Bridegroom": "Marc L Arno",
    "Date": "2023-11-02T00:00:00",
    "Agency": "Festivities Catering & Special Events",
    "Guests": [
      {
        "Name": "Leonarda B Tewksbury",
        "RSVP": true,
        "Family": 0
      },
      {
        "Name": "Alfred H Dabbs",
        "RSVP": true,
        "Family": 0
      },
      {
        "Name": "Leanne M Alleyne",
        "RSVP": false,
        "Family": 0
      },
      {
        "Name": "Colleen O Parr",
        "RSVP": true,
        "Family": 1
      },
      {
        "Name": "Raleigh R Hintze",
        "RSVP": true,
        "Family": 0
      },
      {
        "Name": "Thuy L Henke  ",
        "RSVP": true,
        "Family": 0
      },
      {
        "Name": "Albertina D Jeter",
        "RSVP": true,
        "Family": 0
      },
      {
        "Name": "Kathrine Q Ditmore",
        "RSVP": true,
        "Family": 1
      },
      {
        "Name": "Albina I Sliter",
        "RSVP": true,
        "Family": 0
      },
      {
        "Name": "Zita L Merriweather",
        "RSVP": true,
        "Family": 0
      },
      {
        "Name": "Ada W Basham",
        "RSVP": true,
        "Family": 1
      },
      {
        "Name": "Farrah W Putney",
        "RSVP": false,
        "Family": 0
      },
      {
        "Name": "Iesha V Lisk",
        "RSVP": false,
        "Family": 1
      },
      {
        "Name": "Kimberely Q Geren",
        "RSVP": true,
        "Family": 1
      },
      {
        "Name": "Jenni C Primo",
        "RSVP": false,
        "Family": 0
      },
      {
        "Name": "Dorethea H Oboyle",
        "RSVP": true,
        "Family": 1
      },
      {
        "Name": "Jere Q Mcleod",
        "RSVP": true,
        "Family": 1
      },
      {
        "Name": "Denyse M Rowser",
        "RSVP": false,
        "Family": 1
      }
    ]
  },
  {
    "Bride": "Hedwig Q Coakley",
    "Bridegroom": "Alfred H Dabbs",
    "Date": "2020-06-07T00:00:00",
    "Agency": "Brown Brothers Catering",
    "Guests": [
      {
        "Name": "Jere Q Mcleod",
        "RSVP": true,
        "Family": 0
      },
      {
        "Name": "Lashunda Q Montero",
        "RSVP": true,
        "Family": 0
      },
      {
        "Name": "Tomoko Y Agin",
        "RSVP": true,
        "Family": 1
      },
      {
        "Name": "Jayme O Cosper",
        "RSVP": true,
        "Family": 1
      },
      {
        "Name": "Hermina E Kirkwood",
        "RSVP": true,
        "Family": 1
      },
      {
        "Name": "Julee U Pauley",
        "RSVP": true,
        "Family": 0
      },
      {
        "Name": "Emilio C Burry",
        "RSVP": true,
        "Family": 0
      },
      {
        "Name": "Cassidy G Candelaria",
        "RSVP": true,
        "Family": 0
      },
      {
        "Name": "Candi R Nevels",
        "RSVP": true,
        "Family": 0
      },
      {
        "Name": "Kami D Degnan  ",
        "RSVP": true,
        "Family": 1
      },
      {
        "Name": "Avis U Benny",
        "RSVP": true,
        "Family": 0
      },
      {
        "Name": "Contessa R Mizell",
        "RSVP": true,
        "Family": 1
      },
      {
        "Name": "Farrah W Putney",
        "RSVP": true,
        "Family": 1
      },
      {
        "Name": "Whitley D Dymond",
        "RSVP": true,
        "Family": 0
      },
      {
        "Name": "Micaela V Dominy",
        "RSVP": true,
        "Family": 0
      },
      {
        "Name": "Darci Leick  ",
        "RSVP": true,
        "Family": 1
      },
      {
        "Name": "Julissa Boylan  ",
        "RSVP": true,
        "Family": 0
      },
      {
        "Name": "Rubi U Tena",
        "RSVP": false,
        "Family": 1
      }
    ]
  },
  {
    "Bride": "Iesha V Lisk",
    "Bridegroom": "Whitley D Dymond",
    "Date": "2020-02-26T00:00:00",
    "Agency": "Castles N Coasters",
    "Guests": [
      {
        "Name": "Valeria L Square",
        "RSVP": true,
        "Family": 1
      },
      {
        "Name": "Myrna Charley  ",
        "RSVP": false,
        "Family": 1
      },
      {
        "Name": "Chery O Cosme",
        "RSVP": true,
        "Family": 0
      },
      {
        "Name": "Romona Mcclean  ",
        "RSVP": false,
        "Family": 0
      },
      {
        "Name": "Tod Siple  ",
        "RSVP": false,
        "Family": 0
      },
      {
        "Name": "Eunice I Madere",
        "RSVP": true,
        "Family": 1
      },
      {
        "Name": "Cassandra Malachi  ",
        "RSVP": true,
        "Family": 0
      },
      {
        "Name": "Lang X Grams",
        "RSVP": true,
        "Family": 0
      }
    ]
  },
  {
    "Bride": "Felicia V Wight",
    "Bridegroom": "Bailey F Mcnamee",
    "Date": "2018-10-05T00:00:00",
    "Agency": "StarStruck Event Planning LLC",
    "Guests": [
      {
        "Name": "Jarrod O Mccuen",
        "RSVP": true,
        "Family": 1
      },
      {
        "Name": "Jarvis R Delaune",
        "RSVP": false,
        "Family": 1
      },
      {
        "Name": "Gema Karg  ",
        "RSVP": true,
        "Family": 1
      },
      {
        "Name": "Ashlyn C Ballentine",
        "RSVP": false,
        "Family": 0
      },
      {
        "Name": "Joelle I Barfoot",
        "RSVP": false,
        "Family": 0
      },
      {
        "Name": "Shella F Ramirez",
        "RSVP": true,
        "Family": 1
      },
      {
        "Name": "Bryon I Cumbie",
        "RSVP": false,
        "Family": 0
      },
      {
        "Name": "Jacqueline J Lamoureaux",
        "RSVP": true,
        "Family": 0
      },
      {
        "Name": "Santina U Dangelo",
        "RSVP": true,
        "Family": 0
      },
      {
        "Name": "Cherrie E Emmett  ",
        "RSVP": true,
        "Family": 1
      },
      {
        "Name": "Leonarda B Tewksbury",
        "RSVP": true,
        "Family": 0
      }
    ]
  },
  {
    "Bride": "Marylynn T Schueler",
    "Bridegroom": "Bret S Barthel",
    "Date": "2020-07-06T00:00:00",
    "Agency": "Divine Events",
    "Guests": [
      {
        "Name": "Lang T Slaymaker",
        "RSVP": false,
        "Family": 1
      },
      {
        "Name": "Micha J Silber  ",
        "RSVP": true,
        "Family": 0
      },
      {
        "Name": "Tod Siple  ",
        "RSVP": false,
        "Family": 0
      },
      {
        "Name": "Leanna Flatley  ",
        "RSVP": true,
        "Family": 1
      },
      {
        "Name": "Agnes N Soucie",
        "RSVP": true,
        "Family": 0
      },
      {
        "Name": "Brand R Heitz",
        "RSVP": true,
        "Family": 0
      },
      {
        "Name": "Andy B Coppock  ",
        "RSVP": true,
        "Family": 0
      }
    ]
  },
  {
    "Bride": "Cindi B Duford",
    "Bridegroom": "Bess D Zheng",
    "Date": "2019-09-26T00:00:00",
    "Agency": "Calluna Events",
    "Guests": [
      {
        "Name": "Karlene D Stroope",
        "RSVP": true,
        "Family": 1
      },
      {
        "Name": "Jenice Garside  ",
        "RSVP": false,
        "Family": 0
      },
      {
        "Name": "Verlene V Senior",
        "RSVP": true,
        "Family": 0
      },
      {
        "Name": "Kitty P Baldridge",
        "RSVP": true,
        "Family": 0
      },
      {
        "Name": "Dahlia X Sansone",
        "RSVP": true,
        "Family": 1
      },
      {
        "Name": "Jarvis W Janusz",
        "RSVP": false,
        "Family": 0
      },
      {
        "Name": "Vicente W Curling",
        "RSVP": false,
        "Family": 0
      },
      {
        "Name": "Whitley D Dymond",
        "RSVP": false,
        "Family": 1
      },
      {
        "Name": "Cherri C Braun",
        "RSVP": true,
        "Family": 1
      },
      {
        "Name": "Elidia Q Dotts",
        "RSVP": false,
        "Family": 1
      },
      {
        "Name": "Karan H Kenobi",
        "RSVP": true,
        "Family": 0
      },
      {
        "Name": "Serina M Langdon",
        "RSVP": true,
        "Family": 1
      },
      {
        "Name": "Heriberto X Mowrer  ",
        "RSVP": true,
        "Family": 1
      },
      {
        "Name": "Adolph O Vien  ",
        "RSVP": true,
        "Family": 1
      },
      {
        "Name": "Jaleesa M Riehle",
        "RSVP": true,
        "Family": 1
      },
      {
        "Name": "Jenni C Primo",
        "RSVP": false,
        "Family": 0
      }
    ]
  },
  {
    "Bride": "Lynna Y Child",
    "Bridegroom": "Ariana V Thatcher",
    "Date": "2019-05-26T00:00:00",
    "Agency": "Hannibals Catering & Events",
    "Guests": [
      {
        "Name": "Kassie C Epley",
        "RSVP": true,
        "Family": 1
      },
      {
        "Name": "Carmelo Q Morace",
        "RSVP": true,
        "Family": 0
      },
      {
        "Name": "Serina M Langdon",
        "RSVP": true,
        "Family": 0
      },
      {
        "Name": "Zana H Redfearn",
        "RSVP": true,
        "Family": 1
      },
      {
        "Name": "Velia P Stinson",
        "RSVP": false,
        "Family": 0
      },
      {
        "Name": "Geraldine Y Ploof",
        "RSVP": false,
        "Family": 1
      },
      {
        "Name": "Verlene V Senior",
        "RSVP": true,
        "Family": 0
      },
      {
        "Name": "Lakesha V Longerbeam",
        "RSVP": true,
        "Family": 0
      },
      {
        "Name": "Tatiana V Peeples",
        "RSVP": true,
        "Family": 1
      },
      {
        "Name": "Willette K Grana",
        "RSVP": false,
        "Family": 1
      },
      {
        "Name": "Angelina H Daly",
        "RSVP": true,
        "Family": 1
      },
      {
        "Name": "Keila B Ownby",
        "RSVP": true,
        "Family": 0
      },
      {
        "Name": "Henrietta C Bess",
        "RSVP": false,
        "Family": 1
      },
      {
        "Name": "Cris E Foote",
        "RSVP": true,
        "Family": 0
      },
      {
        "Name": "Courtney Freund  ",
        "RSVP": true,
        "Family": 0
      },
      {
        "Name": "Lashawnda J Sanger",
        "RSVP": false,
        "Family": 0
      },
      {
        "Name": "Jonathon Z Kimura",
        "RSVP": true,
        "Family": 0
      }
    ]
  },
  {
    "Bride": "Venetta A Gundersen",
    "Bridegroom": "Beverly D Mettler",
    "Date": "2020-02-19T00:00:00",
    "Agency": "Brown Brothers Catering",
    "Guests": [
      {
        "Name": "Mikel X Skowronski",
        "RSVP": true,
        "Family": 1
      },
      {
        "Name": "Summer M Trump  ",
        "RSVP": true,
        "Family": 1
      },
      {
        "Name": "Britany Bagley  ",
        "RSVP": true,
        "Family": 1
      },
      {
        "Name": "Herma C Dagostino",
        "RSVP": true,
        "Family": 1
      },
      {
        "Name": "Geraldine Y Ploof",
        "RSVP": true,
        "Family": 1
      },
      {
        "Name": "Kellie M Wiltshire",
        "RSVP": false,
        "Family": 1
      },
      {
        "Name": "Mia U Stalling",
        "RSVP": false,
        "Family": 1
      },
      {
        "Name": "Gay O Ferdinand",
        "RSVP": false,
        "Family": 1
      },
      {
        "Name": "Serina M Langdon",
        "RSVP": false,
        "Family": 1
      },
      {
        "Name": "Mikel X Skowronski",
        "RSVP": true,
        "Family": 1
      },
      {
        "Name": "Jere Q Mcleod",
        "RSVP": false,
        "Family": 0
      }
    ]
  },
  {
    "Bride": "Julee U Pauley",
    "Bridegroom": "Blake P Pitre",
    "Date": "2018-05-24T00:00:00",
    "Agency": "Event Wedding Planning",
    "Guests": [
      {
        "Name": "Marica T Hellyer",
        "RSVP": false,
        "Family": 1
      },
      {
        "Name": "Ettie M Weisenberger",
        "RSVP": true,
        "Family": 1
      },
      {
        "Name": "Tynisha F Barbieri",
        "RSVP": true,
        "Family": 0
      },
      {
        "Name": "Brand R Heitz",
        "RSVP": true,
        "Family": 1
      },
      {
        "Name": "Theda D Hentges",
        "RSVP": true,
        "Family": 0
      },
      {
        "Name": "Cindi B Duford",
        "RSVP": true,
        "Family": 1
      },
      {
        "Name": "Jayme O Cosper",
        "RSVP": false,
        "Family": 1
      },
      {
        "Name": "Leonila S Crum",
        "RSVP": false,
        "Family": 1
      },
      {
        "Name": "Larisa K Bossi",
        "RSVP": true,
        "Family": 1
      },
      {
        "Name": "Cherise Q Kinkade",
        "RSVP": false,
        "Family": 1
      },
      {
        "Name": "Lezlie L Chery  ",
        "RSVP": false,
        "Family": 0
      },
      {
        "Name": "Coy I Zito",
        "RSVP": true,
        "Family": 0
      },
      {
        "Name": "Tod Siple  ",
        "RSVP": false,
        "Family": 0
      }
    ]
  },
  {
    "Bride": "Anneliese U Braverman",
    "Bridegroom": "Glayds K Alberti",
    "Date": "2018-03-13T00:00:00",
    "Agency": "Little Bird Celebrations",
    "Guests": [
      {
        "Name": "Nelia Q Brannon",
        "RSVP": true,
        "Family": 1
      },
      {
        "Name": "Micha J Silber  ",
        "RSVP": true,
        "Family": 0
      },
      {
        "Name": "Kathrine Q Ditmore",
        "RSVP": false,
        "Family": 1
      },
      {
        "Name": "Agnes N Soucie",
        "RSVP": false,
        "Family": 0
      },
      {
        "Name": "Felecia E Kirschner",
        "RSVP": true,
        "Family": 0
      },
      {
        "Name": "Hedwig Q Coakley",
        "RSVP": true,
        "Family": 1
      },
      {
        "Name": "Anita F Linden",
        "RSVP": true,
        "Family": 0
      },
      {
        "Name": "Hilary X Large",
        "RSVP": true,
        "Family": 1
      },
      {
        "Name": "Brett R Graffam",
        "RSVP": false,
        "Family": 1
      },
      {
        "Name": "Lianne Morefield  ",
        "RSVP": true,
        "Family": 1
      }
    ]
  },
  {
    "Bride": "Romona E Stockdale",
    "Bridegroom": "Elana I Ifill",
    "Date": "2017-05-11T00:00:00",
    "Agency": "Oh How Charming",
    "Guests": [
      {
        "Name": "Leilani B Roseborough",
        "RSVP": true,
        "Family": 0
      },
      {
        "Name": "Gil X Olivieri",
        "RSVP": false,
        "Family": 0
      },
      {
        "Name": "Delisa L Sunday",
        "RSVP": true,
        "Family": 1
      },
      {
        "Name": "Cassandra Malachi  ",
        "RSVP": true,
        "Family": 1
      },
      {
        "Name": "Serina M Langdon",
        "RSVP": true,
        "Family": 1
      },
      {
        "Name": "Willene V Tosh",
        "RSVP": false,
        "Family": 1
      },
      {
        "Name": "Cherise Q Kinkade",
        "RSVP": true,
        "Family": 0
      },
      {
        "Name": "Aleshia W Brew",
        "RSVP": false,
        "Family": 1
      },
      {
        "Name": "Portia P Wile",
        "RSVP": true,
        "Family": 0
      }
    ]
  },
  {
    "Bride": "Anita F Linden",
    "Bridegroom": "Brenda R Bess",
    "Date": "2024-12-01T00:00:00",
    "Agency": "Exceptional Events",
    "Guests": [
      {
        "Name": "Lesley H Lattea",
        "RSVP": false,
        "Family": 0
      },
      {
        "Name": "Amal A Devivo",
        "RSVP": true,
        "Family": 1
      },
      {
        "Name": "Christal S Moorhouse",
        "RSVP": true,
        "Family": 1
      },
      {
        "Name": "Jenniffer K Grimshaw",
        "RSVP": false,
        "Family": 0
      },
      {
        "Name": "Katherin B Rebello",
        "RSVP": true,
        "Family": 1
      },
      {
        "Name": "Delm G Weissinger",
        "RSVP": true,
        "Family": 1
      },
      {
        "Name": "Ladonna P Khalsa",
        "RSVP": false,
        "Family": 0
      },
      {
        "Name": "Verlene V Senior",
        "RSVP": false,
        "Family": 1
      },
      {
        "Name": "Keila B Ownby",
        "RSVP": true,
        "Family": 1
      },
      {
        "Name": "Karl N Bullins",
        "RSVP": false,
        "Family": 0
      },
      {
        "Name": "Naoma C Jawad",
        "RSVP": true,
        "Family": 1
      },
      {
        "Name": "Mohammed K Castor",
        "RSVP": true,
        "Family": 0
      },
      {
        "Name": "Antonetta S Penfield",
        "RSVP": true,
        "Family": 0
      },
      {
        "Name": "Daniel Heinemann  ",
        "RSVP": false,
        "Family": 1
      },
      {
        "Name": "Fredia S Ivers",
        "RSVP": false,
        "Family": 0
      }
    ]
  },
  {
    "Bride": "Sabra E Betts",
    "Bridegroom": "Tatiana V Peeples",
    "Date": "2020-08-22T00:00:00",
    "Agency": "The Dixie Bridal Guide",
    "Guests": [
      {
        "Name": "Emilio C Burry",
        "RSVP": false,
        "Family": 1
      },
      {
        "Name": "Romona E Stockdale",
        "RSVP": true,
        "Family": 1
      },
      {
        "Name": "Leanna Flatley  ",
        "RSVP": false,
        "Family": 1
      },
      {
        "Name": "Mohammed K Castor",
        "RSVP": true,
        "Family": 0
      },
      {
        "Name": "Armida Place  ",
        "RSVP": false,
        "Family": 0
      },
      {
        "Name": "Avis U Benny",
        "RSVP": false,
        "Family": 0
      },
      {
        "Name": "Zack Q Jagodzinski  ",
        "RSVP": true,
        "Family": 0
      },
      {
        "Name": "Leonore A Paine",
        "RSVP": false,
        "Family": 0
      },
      {
        "Name": "Ashleigh D Sokol",
        "RSVP": true,
        "Family": 0
      },
      {
        "Name": "Cherryl L Steidl",
        "RSVP": true,
        "Family": 1
      },
      {
        "Name": "Kourtney Silliman  ",
        "RSVP": true,
        "Family": 1
      },
      {
        "Name": "Esmeralda I Wadlington",
        "RSVP": true,
        "Family": 1
      }
    ]
  },
  {
    "Bride": "Cecille W Melendy",
    "Bridegroom": "Alfred H Dabbs",
    "Date": "2021-05-11T00:00:00",
    "Agency": "The Event Company",
    "Guests": [
      {
        "Name": "Kellie Y Prosperie",
        "RSVP": false,
        "Family": 1
      },
      {
        "Name": "Meggan B Bennefield",
        "RSVP": false,
        "Family": 0
      },
      {
        "Name": "Willette K Grana",
        "RSVP": true,
        "Family": 1
      },
      {
        "Name": "Cherri C Braun",
        "RSVP": true,
        "Family": 1
      },
      {
        "Name": "Kimber O Near  ",
        "RSVP": true,
        "Family": 0
      },
      {
        "Name": "Ariel W Gershon",
        "RSVP": true,
        "Family": 1
      },
      {
        "Name": "Carylon Z Malinowski",
        "RSVP": true,
        "Family": 1
      },
      {
        "Name": "Alba M Descoteaux",
        "RSVP": true,
        "Family": 0
      },
      {
        "Name": "Johnette B Burry",
        "RSVP": true,
        "Family": 1
      }
    ]
  },
  {
    "Bride": "Zita L Merriweather",
    "Bridegroom": "Leo P Hearne",
    "Date": "2021-10-21T00:00:00",
    "Agency": "Everything Entertainment",
    "Guests": [
      {
        "Name": "Laticia Eckert  ",
        "RSVP": false,
        "Family": 1
      },
      {
        "Name": "Bryon I Cumbie",
        "RSVP": true,
        "Family": 1
      },
      {
        "Name": "Bernadine G Raposa",
        "RSVP": true,
        "Family": 1
      },
      {
        "Name": "Priscilla C Hankinson",
        "RSVP": true,
        "Family": 0
      },
      {
        "Name": "Yun R Nowak",
        "RSVP": true,
        "Family": 1
      },
      {
        "Name": "Lianne Morefield  ",
        "RSVP": true,
        "Family": 0
      },
      {
        "Name": "Tatyana J Lustig",
        "RSVP": false,
        "Family": 0
      },
      {
        "Name": "Shante Y Willimas",
        "RSVP": true,
        "Family": 1
      },
      {
        "Name": "Jarvis W Janusz",
        "RSVP": true,
        "Family": 1
      },
      {
        "Name": "Anderson Toone  ",
        "RSVP": true,
        "Family": 0
      },
      {
        "Name": "Rosio G Fullmer",
        "RSVP": true,
        "Family": 1
      },
      {
        "Name": "Herma C Dagostino",
        "RSVP": true,
        "Family": 0
      },
      {
        "Name": "Anabel F Jurek",
        "RSVP": true,
        "Family": 1
      }
    ]
  },
  {
    "Bride": "Tarra I Cravens",
    "Bridegroom": "Al L Hisey",
    "Date": "2023-11-02T00:00:00",
    "Agency": "Southern Events Company",
    "Guests": [
      {
        "Name": "Rolland B Holzwarth",
        "RSVP": true,
        "Family": 0
      },
      {
        "Name": "Luanne W Messerly",
        "RSVP": true,
        "Family": 0
      },
      {
        "Name": "Shella F Ramirez",
        "RSVP": true,
        "Family": 0
      },
      {
        "Name": "Ashlyn M Cosio",
        "RSVP": true,
        "Family": 0
      },
      {
        "Name": "Elana I Ifill",
        "RSVP": false,
        "Family": 1
      },
      {
        "Name": "Ettie M Weisenberger",
        "RSVP": true,
        "Family": 0
      },
      {
        "Name": "Randa Q Anderton",
        "RSVP": false,
        "Family": 1
      },
      {
        "Name": "Shellie X Ketchum",
        "RSVP": true,
        "Family": 1
      },
      {
        "Name": "Ellent I Revard",
        "RSVP": false,
        "Family": 0
      },
      {
        "Name": "Sarina S Shumake",
        "RSVP": false,
        "Family": 0
      },
      {
        "Name": "Jeanie P Sy",
        "RSVP": true,
        "Family": 1
      },
      {
        "Name": "Kassie P Jaffee",
        "RSVP": true,
        "Family": 0
      },
      {
        "Name": "Jaleesa M Riehle",
        "RSVP": true,
        "Family": 1
      },
      {
        "Name": "Yun R Nowak",
        "RSVP": true,
        "Family": 0
      },
      {
        "Name": "Sunni J Marsden",
        "RSVP": true,
        "Family": 0
      },
      {
        "Name": "Zackary Bryne  ",
        "RSVP": true,
        "Family": 1
      },
      {
        "Name": "Rosio G Fullmer",
        "RSVP": true,
        "Family": 1
      },
      {
        "Name": "Alba M Descoteaux",
        "RSVP": true,
        "Family": 0
      },
      {
        "Name": "Deloras Twomey  ",
        "RSVP": false,
        "Family": 0
      }
    ]
  },
  {
    "Bride": "Rosalia K Sylvester",
    "Bridegroom": "Delm G Weissinger",
    "Date": "2017-11-03T00:00:00",
    "Agency": "Monrreal & Company",
    "Guests": [
      {
        "Name": "Albertina D Jeter",
        "RSVP": true,
        "Family": 1
      },
      {
        "Name": "Cortez Piazza  ",
        "RSVP": false,
        "Family": 1
      },
      {
        "Name": "Anneliese U Braverman",
        "RSVP": true,
        "Family": 1
      },
      {
        "Name": "Roselyn J Poulter",
        "RSVP": true,
        "Family": 0
      },
      {
        "Name": "Tiara T Perlman",
        "RSVP": true,
        "Family": 0
      },
      {
        "Name": "Mohammed K Castor",
        "RSVP": true,
        "Family": 1
      },
      {
        "Name": "Bernadine G Raposa",
        "RSVP": true,
        "Family": 0
      },
      {
        "Name": "Ellyn A Nold",
        "RSVP": false,
        "Family": 0
      },
      {
        "Name": "Bradley A Gess",
        "RSVP": true,
        "Family": 1
      },
      {
        "Name": "Temeka R Irion",
        "RSVP": true,
        "Family": 1
      },
      {
        "Name": "Karl N Bullins",
        "RSVP": true,
        "Family": 1
      },
      {
        "Name": "Laticia Eckert  ",
        "RSVP": true,
        "Family": 1
      },
      {
        "Name": "Jeanie P Sy",
        "RSVP": false,
        "Family": 1
      },
      {
        "Name": "Darci Leick  ",
        "RSVP": true,
        "Family": 1
      },
      {
        "Name": "Gema Karg  ",
        "RSVP": true,
        "Family": 1
      },
      {
        "Name": "Ashleigh D Sokol",
        "RSVP": true,
        "Family": 1
      }
    ]
  },
  {
    "Bride": "Priscilla C Hankinson",
    "Bridegroom": "Glayds K Alberti",
    "Date": "2023-04-19T00:00:00",
    "Agency": "Design Works",
    "Guests": [
      {
        "Name": "Gil X Olivieri",
        "RSVP": true,
        "Family": 0
      },
      {
        "Name": "Yevette F Phinney",
        "RSVP": true,
        "Family": 0
      },
      {
        "Name": "Whitley D Dymond",
        "RSVP": true,
        "Family": 0
      },
      {
        "Name": "Betty Hatfield  ",
        "RSVP": true,
        "Family": 0
      },
      {
        "Name": "Stacy F Jarnigan",
        "RSVP": true,
        "Family": 1
      },
      {
        "Name": "Has F Drone",
        "RSVP": true,
        "Family": 1
      },
      {
        "Name": "Madlyn X Ogata",
        "RSVP": true,
        "Family": 1
      },
      {
        "Name": "Ashlyn C Ballentine",
        "RSVP": true,
        "Family": 0
      }
    ]
  },
  {
    "Bride": "Lecia X Navarette",
    "Bridegroom": "Sunni J Marsden",
    "Date": "2021-05-27T00:00:00",
    "Agency": "Wedding Bands & Co.",
    "Guests": [
      {
        "Name": "Katelynn N Neloms",
        "RSVP": false,
        "Family": 1
      },
      {
        "Name": "Nancy Q Rodreguez",
        "RSVP": true,
        "Family": 1
      },
      {
        "Name": "Jeana Y Forgey",
        "RSVP": false,
        "Family": 1
      },
      {
        "Name": "Nild H Horsley",
        "RSVP": false,
        "Family": 0
      },
      {
        "Name": "Laine H Pickron",
        "RSVP": true,
        "Family": 0
      },
      {
        "Name": "Denyse M Rowser",
        "RSVP": false,
        "Family": 1
      },
      {
        "Name": "Mirella W Mariotti",
        "RSVP": true,
        "Family": 0
      },
      {
        "Name": "Bart L Grow",
        "RSVP": true,
        "Family": 0
      },
      {
        "Name": "Staci K Doherty",
        "RSVP": true,
        "Family": 0
      },
      {
        "Name": "Collette K Russaw",
        "RSVP": true,
        "Family": 0
      },
      {
        "Name": "Ashlyn C Ballentine",
        "RSVP": true,
        "Family": 1
      },
      {
        "Name": "Ariel W Gershon",
        "RSVP": false,
        "Family": 0
      },
      {
        "Name": "Dexter N Arocho",
        "RSVP": true,
        "Family": 1
      },
      {
        "Name": "Andy B Coppock  ",
        "RSVP": true,
        "Family": 1
      },
      {
        "Name": "Coy I Zito",
        "RSVP": false,
        "Family": 1
      },
      {
        "Name": "Taisha H Foston",
        "RSVP": true,
        "Family": 1
      }
    ]
  },
  {
    "Bride": "Randa Q Anderton",
    "Bridegroom": "Bonny T Schoch",
    "Date": "2023-10-20T00:00:00",
    "Agency": "Festivities Catering & Special Events",
    "Guests": [
      {
        "Name": "Suzanne L Wurst",
        "RSVP": true,
        "Family": 0
      },
      {
        "Name": "Lavera U Jessie",
        "RSVP": true,
        "Family": 1
      },
      {
        "Name": "Kourtney Silliman  ",
        "RSVP": true,
        "Family": 1
      },
      {
        "Name": "Tennille S Gartner",
        "RSVP": false,
        "Family": 0
      },
      {
        "Name": "Lacresha H Kovar",
        "RSVP": true,
        "Family": 1
      },
      {
        "Name": "Bess D Zheng",
        "RSVP": true,
        "Family": 1
      },
      {
        "Name": "Elidia X Schrecengost",
        "RSVP": true,
        "Family": 1
      },
      {
        "Name": "Kirstie C Lesher  ",
        "RSVP": true,
        "Family": 0
      }
    ]
  },
  {
    "Bride": "Maryanna G Mundell",
    "Bridegroom": "Has F Drone",
    "Date": "2021-02-04T00:00:00",
    "Agency": "Butter & Company",
    "Guests": [
      {
        "Name": "Berneice A Shorter",
        "RSVP": true,
        "Family": 0
      },
      {
        "Name": "Brand R Heitz",
        "RSVP": true,
        "Family": 0
      },
      {
        "Name": "Jeana Y Forgey",
        "RSVP": true,
        "Family": 1
      },
      {
        "Name": "Lacresha H Kovar",
        "RSVP": true,
        "Family": 1
      },
      {
        "Name": "Julissa Boylan  ",
        "RSVP": false,
        "Family": 1
      },
      {
        "Name": "Willette K Grana",
        "RSVP": true,
        "Family": 0
      },
      {
        "Name": "Leanne M Alleyne",
        "RSVP": false,
        "Family": 0
      },
      {
        "Name": "Dara E Aumiller",
        "RSVP": true,
        "Family": 0
      },
      {
        "Name": "Kimbra B Rook",
        "RSVP": true,
        "Family": 0
      },
      {
        "Name": "Sylvia J Aman",
        "RSVP": false,
        "Family": 1
      },
      {
        "Name": "Maurine Q Meidinger",
        "RSVP": true,
        "Family": 1
      },
      {
        "Name": "Carylon Z Malinowski",
        "RSVP": true,
        "Family": 0
      }
    ]
  },
  {
    "Bride": "Ona K Engram",
    "Bridegroom": "Chang S Wimberley",
    "Date": "2024-07-12T00:00:00",
    "Agency": "Exceptional Events",
    "Guests": [
      {
        "Name": "Cassandra Malachi  ",
        "RSVP": false,
        "Family": 0
      },
      {
        "Name": "Agnes G Moretti  ",
        "RSVP": true,
        "Family": 1
      },
      {
        "Name": "Kirby V Toft  ",
        "RSVP": true,
        "Family": 0
      },
      {
        "Name": "Keith X Beland",
        "RSVP": false,
        "Family": 1
      },
      {
        "Name": "Tarra I Cravens",
        "RSVP": false,
        "Family": 0
      }
    ]
  },
  {
    "Bride": "Alta L Mirabella",
    "Bridegroom": "Gonzalo U Sweeten",
    "Date": "2017-01-18T00:00:00",
    "Agency": "Forevermore Events",
    "Guests": [
      {
        "Name": "Grace P Ewart",
        "RSVP": true,
        "Family": 0
      },
      {
        "Name": "Stormy Z Fiorillo",
        "RSVP": false,
        "Family": 0
      },
      {
        "Name": "Meg B Briese",
        "RSVP": true,
        "Family": 1
      },
      {
        "Name": "Shela R Sockwell",
        "RSVP": true,
        "Family": 0
      },
      {
        "Name": "Yesenia M Ruddick",
        "RSVP": false,
        "Family": 1
      },
      {
        "Name": "Agnes N Soucie",
        "RSVP": false,
        "Family": 0
      },
      {
        "Name": "Kathrine Q Ditmore",
        "RSVP": true,
        "Family": 1
      },
      {
        "Name": "Emerson Y Rauscher",
        "RSVP": true,
        "Family": 0
      },
      {
        "Name": "Ladonna P Khalsa",
        "RSVP": true,
        "Family": 1
      },
      {
        "Name": "Randa Q Anderton",
        "RSVP": true,
        "Family": 1
      },
      {
        "Name": "Gillian S Tschanz",
        "RSVP": true,
        "Family": 0
      },
      {
        "Name": "Cherise Q Kinkade",
        "RSVP": true,
        "Family": 0
      },
      {
        "Name": "Temeka R Irion",
        "RSVP": false,
        "Family": 0
      },
      {
        "Name": "Katherin B Rebello",
        "RSVP": false,
        "Family": 0
      },
      {
        "Name": "Dexter N Arocho",
        "RSVP": true,
        "Family": 1
      },
      {
        "Name": "Jayme O Cosper",
        "RSVP": true,
        "Family": 0
      },
      {
        "Name": "Santina U Dangelo",
        "RSVP": true,
        "Family": 0
      },
      {
        "Name": "Tynisha F Barbieri",
        "RSVP": true,
        "Family": 1
      }
    ]
  },
  {
    "Bride": "Suzanne L Wurst",
    "Bridegroom": "Dalila G Blanck",
    "Date": "2023-08-18T00:00:00",
    "Agency": "The Event Company",
    "Guests": [
      {
        "Name": "Silvanna S Humphries",
        "RSVP": true,
        "Family": 1
      },
      {
        "Name": "Portia P Wile",
        "RSVP": false,
        "Family": 1
      },
      {
        "Name": "Karl N Bullins",
        "RSVP": true,
        "Family": 1
      },
      {
        "Name": "Shayne X Rester",
        "RSVP": false,
        "Family": 0
      },
      {
        "Name": "Bernadine K Logsdon  ",
        "RSVP": true,
        "Family": 0
      },
      {
        "Name": "Leanna Flatley  ",
        "RSVP": false,
        "Family": 1
      },
      {
        "Name": "Seema A Heitmann",
        "RSVP": true,
        "Family": 0
      },
      {
        "Name": "Marielle W Lindgren",
        "RSVP": false,
        "Family": 1
      }
    ]
  },
  {
    "Bride": "Ivana Q Zamor",
    "Bridegroom": "Santiago E Harbison",
    "Date": "2019-06-24T00:00:00",
    "Agency": "Event Wedding Planning",
    "Guests": [
      {
        "Name": "Kassie C Epley",
        "RSVP": true,
        "Family": 0
      },
      {
        "Name": "Lang T Slaymaker",
        "RSVP": true,
        "Family": 0
      },
      {
        "Name": "Denyse M Rowser",
        "RSVP": false,
        "Family": 0
      },
      {
        "Name": "Lucius R Prokop",
        "RSVP": true,
        "Family": 0
      },
      {
        "Name": "Rod E Ravenell",
        "RSVP": true,
        "Family": 1
      },
      {
        "Name": "Ashlyn C Ballentine",
        "RSVP": false,
        "Family": 1
      },
      {
        "Name": "Jaleesa M Riehle",
        "RSVP": false,
        "Family": 0
      }
    ]
  },
  {
    "Bride": "Letitia S Laing",
    "Bridegroom": "Ellent I Revard",
    "Date": "2022-03-09T00:00:00",
    "Agency": "Cakewalk",
    "Guests": [
      {
        "Name": "Tiffanie D Gantz  ",
        "RSVP": true,
        "Family": 1
      },
      {
        "Name": "Chana A Campanella",
        "RSVP": true,
        "Family": 0
      },
      {
        "Name": "Patrick J Nicolosi",
        "RSVP": true,
        "Family": 1
      },
      {
        "Name": "Thomasine P Weidner",
        "RSVP": true,
        "Family": 1
      },
      {
        "Name": "Betty Hatfield  ",
        "RSVP": true,
        "Family": 0
      },
      {
        "Name": "Zana H Redfearn",
        "RSVP": true,
        "Family": 0
      },
      {
        "Name": "Jonathon Z Kimura",
        "RSVP": false,
        "Family": 1
      },
      {
        "Name": "Luanne W Messerly",
        "RSVP": false,
        "Family": 1
      }
    ]
  },
  {
    "Bride": "Luanne W Messerly",
    "Bridegroom": "Eunice I Madere",
    "Date": "2017-01-10T00:00:00",
    "Agency": "Create Events",
    "Guests": [
      {
        "Name": "Sabra E Betts",
        "RSVP": true,
        "Family": 0
      },
      {
        "Name": "Gretta M Sellner",
        "RSVP": false,
        "Family": 0
      },
      {
        "Name": "Lang X Grams",
        "RSVP": true,
        "Family": 0
      },
      {
        "Name": "Kirby V Toft  ",
        "RSVP": true,
        "Family": 1
      },
      {
        "Name": "Venetta A Gundersen",
        "RSVP": false,
        "Family": 1
      },
      {
        "Name": "Cherryl L Steidl",
        "RSVP": false,
        "Family": 1
      }
    ]
  },
  {
    "Bride": "Anabel F Jurek",
    "Bridegroom": "Elois O Abram",
    "Date": "2019-06-12T00:00:00",
    "Agency": "RC Special Events",
    "Guests": [
      {
        "Name": "Ona K Engram",
        "RSVP": true,
        "Family": 0
      },
      {
        "Name": "Jaleesa M Riehle",
        "RSVP": true,
        "Family": 0
      },
      {
        "Name": "Karl N Bullins",
        "RSVP": true,
        "Family": 1
      },
      {
        "Name": "Sharan Uchida  ",
        "RSVP": false,
        "Family": 0
      },
      {
        "Name": "Tiffanie D Gantz  ",
        "RSVP": false,
        "Family": 0
      },
      {
        "Name": "Wanita X Mckenzie",
        "RSVP": false,
        "Family": 0
      },
      {
        "Name": "Hong G Cusack",
        "RSVP": true,
        "Family": 0
      },
      {
        "Name": "Bradley A Gess",
        "RSVP": true,
        "Family": 0
      },
      {
        "Name": "Gay O Ferdinand",
        "RSVP": true,
        "Family": 1
      },
      {
        "Name": "Orpha Z Labrum",
        "RSVP": true,
        "Family": 1
      },
      {
        "Name": "Destiny C Cloyd",
        "RSVP": false,
        "Family": 1
      },
      {
        "Name": "Geraldine Y Ploof",
        "RSVP": true,
        "Family": 0
      },
      {
        "Name": "Rachel C Wadlow",
        "RSVP": true,
        "Family": 1
      }
    ]
  },
  {
    "Bride": "Sabra E Betts",
    "Bridegroom": "Karl N Bullins",
    "Date": "2018-09-12T00:00:00",
    "Agency": "Occasions On The Go",
    "Guests": [
      {
        "Name": "Eleanore I Windley",
        "RSVP": false,
        "Family": 1
      },
      {
        "Name": "Felecia E Kirschner",
        "RSVP": true,
        "Family": 0
      },
      {
        "Name": "Marco K Mcduff",
        "RSVP": true,
        "Family": 0
      },
      {
        "Name": "Brenna C Gass",
        "RSVP": true,
        "Family": 0
      },
      {
        "Name": "Shante Y Willimas",
        "RSVP": true,
        "Family": 1
      },
      {
        "Name": "Julietta E Styers",
        "RSVP": true,
        "Family": 1
      },
      {
        "Name": "Karlene D Stroope",
        "RSVP": false,
        "Family": 1
      },
      {
        "Name": "Shellie X Ketchum",
        "RSVP": true,
        "Family": 1
      },
      {
        "Name": "Kassie P Jaffee",
        "RSVP": true,
        "Family": 1
      }
    ]
  },
  {
    "Bride": "Jeanie P Sy",
    "Bridegroom": "Elvina U Greer",
    "Date": "2019-05-18T00:00:00",
    "Agency": "Ice Occasions",
    "Guests": [
      {
        "Name": "Halley Makris  ",
        "RSVP": true,
        "Family": 0
      },
      {
        "Name": "Cindi B Duford",
        "RSVP": false,
        "Family": 0
      },
      {
        "Name": "Lecia X Navarette",
        "RSVP": true,
        "Family": 1
      },
      {
        "Name": "Latrina P Pinon",
        "RSVP": true,
        "Family": 1
      },
      {
        "Name": "Quentin J Muraoka",
        "RSVP": true,
        "Family": 1
      },
      {
        "Name": "Jonathon Z Kimura",
        "RSVP": true,
        "Family": 1
      },
      {
        "Name": "Kayleigh Holtkamp  ",
        "RSVP": true,
        "Family": 1
      },
      {
        "Name": "Britany Bagley  ",
        "RSVP": true,
        "Family": 1
      },
      {
        "Name": "Kirby V Toft  ",
        "RSVP": true,
        "Family": 1
      },
      {
        "Name": "Santina U Dangelo",
        "RSVP": true,
        "Family": 0
      },
      {
        "Name": "Emmo Z Certain",
        "RSVP": true,
        "Family": 0
      }
    ]
  },
  {
    "Bride": "Sherie E Holifield",
    "Bridegroom": "Hershel Z Ogilvie",
    "Date": "2016-12-01T00:00:00",
    "Agency": "The Dixie Bridal Guide",
    "Guests": [
      {
        "Name": "Edie Y Burtner",
        "RSVP": false,
        "Family": 0
      },
      {
        "Name": "Rosio G Fullmer",
        "RSVP": true,
        "Family": 1
      },
      {
        "Name": "Hedwig Q Coakley",
        "RSVP": true,
        "Family": 0
      },
      {
        "Name": "Maryetta Cokley  ",
        "RSVP": true,
        "Family": 0
      },
      {
        "Name": "Lia Ortegon  ",
        "RSVP": false,
        "Family": 1
      },
      {
        "Name": "Temeka R Irion",
        "RSVP": false,
        "Family": 1
      },
      {
        "Name": "Kenneth N Hackman",
        "RSVP": true,
        "Family": 0
      },
      {
        "Name": "Migdalia J Pray",
        "RSVP": true,
        "Family": 0
      },
      {
        "Name": "Darci Leick  ",
        "RSVP": true,
        "Family": 1
      },
      {
        "Name": "Marchelle B Cuneo",
        "RSVP": true,
        "Family": 0
      },
      {
        "Name": "Rosalind T Ritchie",
        "RSVP": true,
        "Family": 1
      },
      {
        "Name": "Ashleigh D Sokol",
        "RSVP": true,
        "Family": 1
      }
    ]
  },
  {
    "Bride": "Awilda R Olague",
    "Bridegroom": "Maurine Q Meidinger",
    "Date": "2020-11-24T00:00:00",
    "Agency": "Hannibals Catering & Events",
    "Guests": [
      {
        "Name": "Kimbra B Rook",
        "RSVP": true,
        "Family": 0
      },
      {
        "Name": "Rosalia K Sylvester",
        "RSVP": true,
        "Family": 1
      },
      {
        "Name": "Chloe R Harter",
        "RSVP": true,
        "Family": 0
      },
      {
        "Name": "Lucie Lorentz  ",
        "RSVP": false,
        "Family": 1
      },
      {
        "Name": "Hermelinda X Creel",
        "RSVP": true,
        "Family": 0
      },
      {
        "Name": "Rolland B Holzwarth",
        "RSVP": false,
        "Family": 1
      },
      {
        "Name": "Ellyn A Nold",
        "RSVP": true,
        "Family": 0
      },
      {
        "Name": "Dahlia X Sansone",
        "RSVP": true,
        "Family": 0
      },
      {
        "Name": "Priscila A Rondon",
        "RSVP": false,
        "Family": 0
      }
    ]
  },
  {
    "Bride": "Karolyn J Digman",
    "Bridegroom": "Woodrow U Campo",
    "Date": "2018-06-20T00:00:00",
    "Agency": "Wedding Bands & Co.",
    "Guests": [
      {
        "Name": "Scotty B Woodworth",
        "RSVP": true,
        "Family": 1
      },
      {
        "Name": "Edie Y Burtner",
        "RSVP": true,
        "Family": 1
      },
      {
        "Name": "Jenni C Primo",
        "RSVP": true,
        "Family": 1
      },
      {
        "Name": "Danuta K Midgley",
        "RSVP": false,
        "Family": 0
      },
      {
        "Name": "Lashunda Q Montero",
        "RSVP": false,
        "Family": 1
      },
      {
        "Name": "Shella T Hackley",
        "RSVP": true,
        "Family": 1
      },
      {
        "Name": "Delisa L Sunday",
        "RSVP": true,
        "Family": 0
      }
    ]
  },
  {
    "Bride": "Dara E Aumiller",
    "Bridegroom": "Lang T Slaymaker",
    "Date": "2019-06-15T00:00:00",
    "Agency": "Sapphire Event Marketing",
    "Guests": [
      {
        "Name": "Beverly D Mettler",
        "RSVP": false,
        "Family": 0
      },
      {
        "Name": "Ariel W Gershon",
        "RSVP": true,
        "Family": 0
      },
      {
        "Name": "Carmelo Q Morace",
        "RSVP": true,
        "Family": 1
      },
      {
        "Name": "Danica K Niswonger  ",
        "RSVP": true,
        "Family": 1
      },
      {
        "Name": "Kassie P Jaffee",
        "RSVP": false,
        "Family": 0
      }
    ]
  },
  {
    "Bride": "Felicia V Wight",
    "Bridegroom": "Marco K Mcduff",
    "Date": "2022-11-21T00:00:00",
    "Agency": "Darryl & Co.",
    "Guests": [
      {
        "Name": "Summer M Trump  ",
        "RSVP": false,
        "Family": 1
      },
      {
        "Name": "Sylvia J Aman",
        "RSVP": true,
        "Family": 0
      },
      {
        "Name": "Carylon Z Malinowski",
        "RSVP": true,
        "Family": 1
      },
      {
        "Name": "Wilhelmina A Meisinger",
        "RSVP": true,
        "Family": 1
      },
      {
        "Name": "Louann N Fellers",
        "RSVP": true,
        "Family": 0
      },
      {
        "Name": "Lianne Morefield  ",
        "RSVP": true,
        "Family": 1
      },
      {
        "Name": "Sylvia J Aman",
        "RSVP": true,
        "Family": 0
      }
    ]
  },
  {
    "Bride": "Migdalia J Pray",
    "Bridegroom": "Theda D Hentges",
    "Date": "2021-09-07T00:00:00",
    "Agency": "Calluna Events",
    "Guests": [
      {
        "Name": "Luanne W Messerly",
        "RSVP": false,
        "Family": 1
      },
      {
        "Name": "Erik P Gochenour",
        "RSVP": false,
        "Family": 0
      },
      {
        "Name": "Aleen Hakim  ",
        "RSVP": true,
        "Family": 0
      },
      {
        "Name": "Lecia X Navarette",
        "RSVP": true,
        "Family": 0
      },
      {
        "Name": "Karan H Kenobi",
        "RSVP": false,
        "Family": 0
      },
      {
        "Name": "Herma C Dagostino",
        "RSVP": true,
        "Family": 1
      },
      {
        "Name": "Zachary O Earnest",
        "RSVP": true,
        "Family": 1
      },
      {
        "Name": "Valeria L Square",
        "RSVP": true,
        "Family": 0
      },
      {
        "Name": "Willene V Tosh",
        "RSVP": false,
        "Family": 1
      },
      {
        "Name": "Katherin B Rebello",
        "RSVP": false,
        "Family": 0
      },
      {
        "Name": "Brand R Heitz",
        "RSVP": true,
        "Family": 0
      },
      {
        "Name": "Lavone F Tovar  ",
        "RSVP": false,
        "Family": 1
      },
      {
        "Name": "Nathaniel W Glynn",
        "RSVP": true,
        "Family": 1
      },
      {
        "Name": "Celina Y Carino",
        "RSVP": true,
        "Family": 0
      },
      {
        "Name": "Lang X Grams",
        "RSVP": true,
        "Family": 1
      },
      {
        "Name": "Adolph O Vien  ",
        "RSVP": true,
        "Family": 0
      },
      {
        "Name": "Lynwood Tinch  ",
        "RSVP": true,
        "Family": 0
      },
      {
        "Name": "Fredda B Botts",
        "RSVP": true,
        "Family": 0
      },
      {
        "Name": "Stewart P Raff",
        "RSVP": true,
        "Family": 0
      }
    ]
  },
  {
    "Bride": "Leonila S Crum",
    "Bridegroom": "Lou F Rook",
    "Date": "2023-10-27T00:00:00",
    "Agency": "Simply Sweet Wedding & Events",
    "Guests": [
      {
        "Name": "Kitty P Baldridge",
        "RSVP": false,
        "Family": 1
      },
      {
        "Name": "Booker Z Tyler",
        "RSVP": false,
        "Family": 0
      },
      {
        "Name": "Sid Q Munz",
        "RSVP": true,
        "Family": 1
      },
      {
        "Name": "Monet L Fluitt",
        "RSVP": false,
        "Family": 1
      },
      {
        "Name": "Stormy Z Fiorillo",
        "RSVP": true,
        "Family": 1
      },
      {
        "Name": "Fredia S Ivers",
        "RSVP": false,
        "Family": 0
      },
      {
        "Name": "Candie H Withrow",
        "RSVP": true,
        "Family": 0
      },
      {
        "Name": "Treasa M Roache",
        "RSVP": true,
        "Family": 0
      },
      {
        "Name": "Lavera U Jessie",
        "RSVP": true,
        "Family": 0
      },
      {
        "Name": "Cinthia A Schuck",
        "RSVP": true,
        "Family": 1
      },
      {
        "Name": "Deloras Twomey  ",
        "RSVP": true,
        "Family": 0
      }
    ]
  },
  {
    "Bride": "Johnette B Burry",
    "Bridegroom": "Sherron W Nedeau",
    "Date": "2018-10-24T00:00:00",
    "Agency": "Events By Design",
    "Guests": [
      {
        "Name": "Hermelinda X Creel",
        "RSVP": true,
        "Family": 1
      },
      {
        "Name": "Shella F Ramirez",
        "RSVP": true,
        "Family": 1
      },
      {
        "Name": "Elana I Ifill",
        "RSVP": true,
        "Family": 1
      },
      {
        "Name": "Keila B Ownby",
        "RSVP": false,
        "Family": 0
      },
      {
        "Name": "Robert I Guyton",
        "RSVP": false,
        "Family": 1
      }
    ]
  },
  {
    "Bride": "Rachel C Wadlow",
    "Bridegroom": "Stewart P Raff",
    "Date": "2018-09-19T00:00:00",
    "Agency": "Calluna Events",
    "Guests": [
      {
        "Name": "Patrick J Nicolosi",
        "RSVP": true,
        "Family": 0
      },
      {
        "Name": "Torie N Popejoy",
        "RSVP": true,
        "Family": 0
      },
      {
        "Name": "Myriam W Castaldo",
        "RSVP": true,
        "Family": 1
      },
      {
        "Name": "Jocelyn D Campana",
        "RSVP": true,
        "Family": 0
      },
      {
        "Name": "Shela R Sockwell",
        "RSVP": true,
        "Family": 1
      },
      {
        "Name": "Jonathon Z Kimura",
        "RSVP": true,
        "Family": 1
      },
      {
        "Name": "Tyson C Herzberg",
        "RSVP": true,
        "Family": 0
      },
      {
        "Name": "Tennille S Gartner",
        "RSVP": true,
        "Family": 0
      },
      {
        "Name": "Shirl F Reck",
        "RSVP": true,
        "Family": 1
      },
      {
        "Name": "Dorethea H Oboyle",
        "RSVP": true,
        "Family": 1
      }
    ]
  },
  {
    "Bride": "Chaya J Brighton",
    "Bridegroom": "Lottie E Phinney",
    "Date": "2024-11-20T00:00:00",
    "Agency": "Glamorous Occasions",
    "Guests": [
      {
        "Name": "Scotty B Woodworth",
        "RSVP": false,
        "Family": 1
      },
      {
        "Name": "Chassidy F Dant",
        "RSVP": true,
        "Family": 0
      },
      {
        "Name": "Jacqueline J Lamoureaux",
        "RSVP": true,
        "Family": 1
      },
      {
        "Name": "Zetta Henze  ",
        "RSVP": false,
        "Family": 0
      },
      {
        "Name": "Elana I Ifill",
        "RSVP": false,
        "Family": 0
      },
      {
        "Name": "Andy B Coppock  ",
        "RSVP": true,
        "Family": 0
      },
      {
        "Name": "Merilyn X Austin",
        "RSVP": true,
        "Family": 0
      },
      {
        "Name": "Gay O Ferdinand",
        "RSVP": false,
        "Family": 1
      },
      {
        "Name": "Migdalia J Pray",
        "RSVP": true,
        "Family": 0
      },
      {
        "Name": "Jere Q Mcleod",
        "RSVP": false,
        "Family": 1
      },
      {
        "Name": "Jarvis W Janusz",
        "RSVP": true,
        "Family": 1
      },
      {
        "Name": "Demetria G Whitney",
        "RSVP": true,
        "Family": 0
      },
      {
        "Name": "Elana I Ifill",
        "RSVP": false,
        "Family": 1
      },
      {
        "Name": "Albina I Sliter",
        "RSVP": true,
        "Family": 0
      },
      {
        "Name": "Nelia Q Brannon",
        "RSVP": true,
        "Family": 1
      },
      {
        "Name": "Contessa R Mizell",
        "RSVP": false,
        "Family": 1
      },
      {
        "Name": "Jerlene J Berthold",
        "RSVP": true,
        "Family": 0
      },
      {
        "Name": "Shayne X Rester",
        "RSVP": true,
        "Family": 1
      },
      {
        "Name": "Fanny O Capone",
        "RSVP": true,
        "Family": 1
      }
    ]
  },
  {
    "Bride": "Rachel C Wadlow",
    "Bridegroom": "Fanny O Capone",
    "Date": "2017-11-04T00:00:00",
    "Agency": "One Sweet Slice",
    "Guests": [
      {
        "Name": "Serina M Langdon",
        "RSVP": true,
        "Family": 0
      },
      {
        "Name": "Laticia Eckert  ",
        "RSVP": true,
        "Family": 0
      },
      {
        "Name": "Halley Makris  ",
        "RSVP": true,
        "Family": 0
      },
      {
        "Name": "Velia P Stinson",
        "RSVP": true,
        "Family": 1
      },
      {
        "Name": "Laquita E Wofford",
        "RSVP": true,
        "Family": 0
      },
      {
        "Name": "Isela B Bono",
        "RSVP": true,
        "Family": 1
      },
      {
        "Name": "Madlyn X Ogata",
        "RSVP": true,
        "Family": 1
      },
      {
        "Name": "Quintin Q Hohn  ",
        "RSVP": false,
        "Family": 0
      },
      {
        "Name": "Anderson Toone  ",
        "RSVP": true,
        "Family": 0
      },
      {
        "Name": "Al L Hisey",
        "RSVP": true,
        "Family": 0
      },
      {
        "Name": "Dede N Lach  ",
        "RSVP": true,
        "Family": 1
      },
      {
        "Name": "Bailey F Mcnamee",
        "RSVP": false,
        "Family": 0
      }
    ]
  }
]