[
  {
    "firstName": "Ivan",
    "lastName": "Petrov",
    "phone": "0888 123 456",
    "email": "i.ivanov@gmail.com"
  },
  {
    "firstName": "Jordan",
    "lastName": "Kirov",
    "phone": "0988 456 789",
    "email": "jordk@gmail.com"
  },
  {
    "firstName": "Maria",
    "lastName": "Petrova",
    "phone": "0899 987 654",
    "email": "mar4eto@abv.bg"
  },
  {
    "firstName": "Sterling",
    "lastName": "Archer",
    "phone": "0123 123 123",
    "email": "archer@misix.com"
  },
  {
    "firstName": "Lana",
    "lastName": "Kane",
    "phone": "0123 423 873",
    "email": "lana@misix.com"
  },
  {
    "firstName": "Cyril",
    "lastName": "Figgis",
    "phone": "0123 176 679",
    "email": "cyril@misix.com"
  },
  {
    "firstName": "Cheryl",
    "lastName": "Tunt",
    "phone": "0123 277 380",
    "email": "cheryl@misix.com"
  },
  {
    "firstName": "Pam",
    "lastName": "Poovey",
    "phone": "0123 070 768",
    "email": "pam@misix.com"
  },
  {
    "firstName": "Malory",
    "lastName": "Archer",
    "phone": "0123 999 999",
    "email": "malory@misix.com"
  }
]